Date,Group,Exercise,Sets,Total volume (kg),Max weight (kg)
17 Mar 2025,Chest,Bench press dumbell,"26x8
28x6
28x5",516,28.0
17 Mar 2025,Chest,Incline bench press dumbell,"22x8
22x7
22x6",462,22.0
17 Mar 2025,Chest,Inner pec machine,"45x8
45x7
45x6",945,45.0
17 Mar 2025,Back,Pullups,"76x7
76x6
76x5",1368,76.0
17 Mar 2025,Back,Lombar aparat,"10x10
10x9
10x8",270,10.0
17 Mar 2025,Back,Ramat 1 hand DB,"28x8
28x7
28x7",616,28.0
17 Mar 2025,Back,Pullover cable bara dreapta,"20x12
20x10
20x9",620,20.0
17 Mar 2025,Shoulders,Seated shoulder press,"18x9
18x8
18x8",450,18.0
17 Mar 2025,Shoulders,Lateral raises DB,"8x7
6x13
6x11",200,8.0
17 Mar 2025,Shoulders,Frontraise DB seated,"6x8
6x8
6x8",144,6.0
17 Mar 2025,Shoulders,One hand scripete umeri posteriori,"2.5x11
2.5x11
2.5x10",79,2.5
17 Mar 2025,Shoulders,Lu raises,"5x10
5x9
5x7",130,5.0
17 Mar 2025,Triceps,Triceps pushdown rope,"12.5x14
15x8
15x7",400,15.0
17 Mar 2025,Triceps,Skull crushers DB,"10x9
10x7
10x6",220,10.0
17 Mar 2025,Biceps,Seated biceps curls DB,"12x10
12x9
12x7",312,12.0
17 Mar 2025,Biceps,Biceps curls bara dreapta scripete,"20x9
20x8
17.5x9",497,20.0
17 Mar 2025,Legs (upper),Goblet squat,"30x11
35x8
40x6",850,40.0
17 Mar 2025,Legs (upper),Trap bar deadlift,"50x8
60x7
60x6",1180,60.0
17 Mar 2025,Legs (upper),Walking lounge,"30x7
30x6",390,30.0
17 Mar 2025,Legs (upper),Quad raise machine,"60x8
62.5x6
60x7",1275,62.5
24 Mar 2025,Chest,Bench press dumbell,"26x8
28x6
24x7",544,28.0
24 Mar 2025,Chest,Incline bench press dumbell,"20x10
20x10
20x9",580,20.0
24 Mar 2025,Chest,Inner pec machine,"40x12
45x9
45x8",1245,45.0
24 Mar 2025,Chest,"Aparat push WC One (poz 6, deget mijloc la mijloc)","60x10
60x9
50x10",1640,60.0
24 Mar 2025,Chest,Flies cable top,"10x11
10x9
10x7",270,10.0
24 Mar 2025,Back,Helcometru aparat cu discuri,"60x11
70x10
70x9",1990,70.0
24 Mar 2025,Back,Pullups,"77x5
77x4
77x4
77x5
77x4",1694,77.0
24 Mar 2025,Back,Lombar aparat,"10x10
10x10
10x10",300,10.0
24 Mar 2025,Back,Ramat 1 hand DB,"28x10
28x9
28x8",756,28.0
24 Mar 2025,Back,Pullover cable bara dreapta,"20x12
22.5x7
20x9",577,22.5
24 Mar 2025,Shoulders,Seated shoulder press,"18x10
18x9
18x9",504,18.0
24 Mar 2025,Shoulders,Aparat seated shoulder press,"40x10
40x9
40x8",1080,40.0
24 Mar 2025,Shoulders,Lateral raises DB,"8x8
8x7
7x9",183,8.0
24 Mar 2025,Shoulders,Frontraise DB seated,"6x8
6x8
6x8",144,6.0
24 Mar 2025,Shoulders,Facepulls,"20x10
20x9
17.5x10",555,20.0
24 Mar 2025,Shoulders,Reverse flies cable,"2.5x11
2.5x10
2.5x9",74,2.5
24 Mar 2025,Shoulders,"Exercitiu de la kineto, cu bara ridicata","15x10
15x9
15x9",420,15.0
24 Mar 2025,Shoulders,Shrughs banca,"22x15
22x12
22x10",814,22.0
24 Mar 2025,Triceps,Triceps pushdown rope,"15x11
15x10
12.5x12",465,15.0
24 Mar 2025,Triceps,Skull crushers DB,"10x10
10x8
9x10",270,10.0
24 Mar 2025,Triceps,Reverse cable sfoara,"12.5x12
15x10
15x9",435,15.0
24 Mar 2025,Biceps,Seated biceps curls DB,"12x10
12x9
12x8",324,12.0
24 Mar 2025,Biceps,Seated hammer curls DB,"12x8
10x10
10x9",286,12.0
24 Mar 2025,Biceps,Biceps curls bara dreapta scripete,"17.5x10
17.5x9
17.5x8",472,17.5
24 Mar 2025,Legs (upper),Goblet squat,"30x11
34x9
34x8",908,34.0
24 Mar 2025,Legs (upper),Sumo squat KB/BB,"20x17
28x13
32x10
32x10",1344,32.0
24 Mar 2025,Legs (upper),Trap bar deadlift,"60x8
60x8
60x8",1440,60.0
24 Mar 2025,Legs (upper),Hip thrusts,"60x10
60x10
60x8",1680,60.0
24 Mar 2025,Legs (upper),Straight leg DL DB,"22.5x8
22.5x6",315,22.5
24 Mar 2025,Legs (upper),Walking lounge,"25x9
25x8
25x8",625,25.0
24 Mar 2025,Legs (upper),Quad raise machine,"55x8
55x7
50x8",1225,55.0
24 Mar 2025,Legs (upper),Lying hammstring curls,"30x8
25x10
25x7",665,30.0
24 Mar 2025,Legs (upper),Bulgarian split squats,"15x8
15x8",240,15.0
24 Mar 2025,Legs (lower),Gambe machine,"40x10
40x8",720,40.0
24 Mar 2025,Legs (lower),Gambe presa,"110x13
110x11
100x13",3940,110.0
31 Mar 2025,Chest,Bench press dumbell,"24x11
24x9
24x7",648,24.0
31 Mar 2025,Chest,Incline bench press barbell,"45x8
45x8
45x8",1080,45.0
31 Mar 2025,Chest,Inner pec machine,"40x10
40x10",800,40.0
31 Mar 2025,Chest,"Aparat push WC One (poz 6, deget mijloc la mijloc)","60x8
50x11
50x10
50x8",1930,60.0
31 Mar 2025,Chest,Flies cable top,"10x9
10x8
7.5x10
7.5x10",320,10.0
31 Mar 2025,Back,Helcometru V Bar,"50x10
50x9
45x8",1310,50.0
31 Mar 2025,Back,Helcometru clasic (un pic lăsat pe spate),"45x10
45x9
40x9",1215,45.0
31 Mar 2025,Back,Pullups,"77x7
77x5
77x5",1309,77.0
31 Mar 2025,Back,Ramat 1 hand DB,"28x10
28x9
28x8",756,28.0
31 Mar 2025,Back,Pullover cable bara dreapta,"20x10
20x10
20x9",580,20.0
31 Mar 2025,Shoulders,Seated shoulder press,"18x10
18x10
18x9",522,18.0
31 Mar 2025,Shoulders,Lateral raises DB,"6x10
6x10
6x9
6x8",222,6.0
31 Mar 2025,Shoulders,Frontraise DB seated,"6x8
6x8
6x8",144,6.0
31 Mar 2025,Shoulders,Facepulls,"20x9
20x9
20x8
17.5x9",677,20.0
31 Mar 2025,Shoulders,"Exercitiu de la kineto, cu bara ridicata","15x10
15x10
15x8",420,15.0
31 Mar 2025,Triceps,Triceps pushdown bara V,"20x12
20x10
20x10",640,20.0
31 Mar 2025,Triceps,Triceps pulldown reverse,"15x11
17.5x10
17.5x9",497,17.5
31 Mar 2025,Biceps,Seated biceps curls DB,"12x11
12x9
12x8",336,12.0
31 Mar 2025,Biceps,Biceps curls bara dreapta scripete,"17.5x10
17.5x10
17.5x8",490,17.5
31 Mar 2025,Legs (upper),Goblet squat,"30x10
30x10
32x10",920,32.0
31 Mar 2025,Legs (upper),Sumo squat KB/BB,"30x11
30x10
30x9
30x9",1170,30.0
31 Mar 2025,Legs (upper),Straight leg DL DB,"16x11
16x8
14x11",458,16.0
31 Mar 2025,Legs (upper),Walking lounge,"24x10
24x9",456,24.0
31 Mar 2025,Legs (upper),Quad raise machine,"45x10
45x9
42.5x9",1237,45.0
31 Mar 2025,Legs (upper),Lying hammstring curls,25x8,200,25.0
7 Apr 2025,Chest,Bench press barbell,"40x14
50x10
50x10",1560,50.0
7 Apr 2025,Chest,Incline bench press barbell,"40x12
45x10
45x8",1290,45.0
7 Apr 2025,Chest,Inner pec machine,"45x10
45x9
40x12",1335,45.0
7 Apr 2025,Chest,Flies cable top,"10x10
10x7
7.5x9
7.5x8",297,10.0
7 Apr 2025,Back,Helcometru V Bar,"50x10
50x9
45x9",1355,50.0
7 Apr 2025,Back,Helcometru clasic (un pic lăsat pe spate),"45x11
50x10
45x9",1400,50.0
7 Apr 2025,Back,Pullups,"77x7
77x6
77x5
78x5
78x5",2166,78.0
7 Apr 2025,Back,Lombar aparat,"10x10
10x10
10x10
10x10
10x10",500,10.0
7 Apr 2025,Back,Pullover cable bara dreapta,"20x11
20x10
20x8",580,20.0
7 Apr 2025,Shoulders,Seated shoulder press,"18x10
18x10
18x8
16x10",664,18.0
7 Apr 2025,Shoulders,Lateral raises DB,"5x12
5x12
5x10
5x10",220,5.0
7 Apr 2025,Shoulders,Frontraise DB seated,"5x11
5x10
5x9",150,5.0
7 Apr 2025,Shoulders,Kettlebell press,"8x10
8x10
8x10",240,8.0
7 Apr 2025,Shoulders,Lu raises,"5x10
5x9
5x8",135,5.0
7 Apr 2025,Shoulders,Facepulls,"20x10
20x10
20x9
20x8",740,20.0
7 Apr 2025,Shoulders,Reverse flies cable,"2.5x11
2.5x10
2.5x9",74,2.5
7 Apr 2025,Shoulders,"Exercitiu de la kineto, cu bara ridicata",15x10,150,15.0
7 Apr 2025,Triceps,Triceps pushdown rope,"15x11
15x11
15x9
15x8",585,15.0
7 Apr 2025,Triceps,Skull crushers DB,"10x11
10x10
10x8",290,10.0
7 Apr 2025,Triceps,Triceps pulldown reverse,"17.5x10
17.5x9
15x10
12.5x10",607,17.5
7 Apr 2025,Biceps,Seated biceps curls DB,"12x11
12x9
12x8
10x8",416,12.0
7 Apr 2025,Biceps,Seated hammer curls DB,"10x11
10x10
10x9",300,10.0
7 Apr 2025,Biceps,Biceps curls bara dreapta scripete,"15x10
15x10
15x9
15x8",555,15.0
7 Apr 2025,Legs (upper),Sumo squat KB/BB,"30x11
30x10
30x10
30x9
30x8",1440,30.0
7 Apr 2025,Legs (upper),Quad raise machine,"45x10
45x10
45x9
45x8
40x10",2065,45.0
7 Apr 2025,Legs (upper),Lying hammstring curls,"25x10
25x10
25x8
20x10
20x8",1060,25.0
7 Apr 2025,Legs (upper),Solduri aparat,"45x11
45x9
45x9",1305,45.0
7 Apr 2025,Legs (upper),Inghinali aparat,"35x11
35x10
35x10
35x9
35x8",1680,35.0
7 Apr 2025,Legs (lower),Gambe machine,"40x10
40x8
40x8
30x10",1340,40.0
14 Apr 2025,Chest,Bench press barbell,"40x13
50x11
50x10
50x8
50x7",2320,50.0
14 Apr 2025,Chest,Incline bench press barbell,"40x13
45x10
45x8
40x9
40x8",2010,45.0
14 Apr 2025,Chest,Inner pec machine,"47.5x10
45x10
45x9",1330,47.5
14 Apr 2025,Back,Helcometru V Bar,"50x10
50x10
50x8
45x9
45x8",2165,50.0
14 Apr 2025,Back,Pullups,"77x8
77x6
77x5",1463,77.0
14 Apr 2025,Back,Lombar aparat,"10x10
10x10
10x10
10x10
10x10",500,10.0
14 Apr 2025,Back,Pullover cable bara dreapta,"20x10
20x11
20x10",620,20.0
14 Apr 2025,Shoulders,Seated shoulder press,"18x11
18x10
18x9
16x7",652,18.0
14 Apr 2025,Shoulders,Lateral raises DB,"5x12
5x12
5x10
5x10",220,5.0
14 Apr 2025,Shoulders,Reverse flies cable,"2.5x12
2.5x11
2.5x11
2.5x10",109,2.5
14 Apr 2025,Triceps,Triceps pushdown bara V,"20x12
20x11
20x10
17.5x10
17.5x9",992,20.0
14 Apr 2025,Biceps,Seated biceps curls DB,"12x10
12x10
12x8
10x9
8x9",498,12.0
14 Apr 2025,Biceps,Seated hammer curls DB,"10x11
10x10
10x10",310,10.0
14 Apr 2025,Legs (upper),Sumo squat KB/BB,"28x13
28x11
28x10",952,28.0
14 Apr 2025,Legs (upper),Hip lateral raises cu scripete,"2.5x12
2.5x10
2.5x10",80,2.5
21 Apr 2025,Chest,Bench press barbell,"40x14
50x11
60x7
50x10
50x8",2430,60.0
21 Apr 2025,Chest,Incline bench press barbell,"45x10
45x10
45x8",1260,45.0
21 Apr 2025,Chest,Inner pec machine,"47.5x11
47.5x10
47.5x9",1424,47.5
21 Apr 2025,Back,Helcometru clasic (un pic lăsat pe spate),"50x11
50x10
50x8
45x9
45x7",2170,50.0
21 Apr 2025,Back,Pullups,"77x8
77x5
77x6",1463,77.0
21 Apr 2025,Back,Lombar aparat,"10x11
10x10
10x10",310,10.0
21 Apr 2025,Back,Pullover cable bara dreapta,"20x11
20x10
20x10",620,20.0
21 Apr 2025,Back,Ramat aparate,"70x9
65x10
60x10",1880,70.0
21 Apr 2025,Shoulders,Seated shoulder press,"18x11
18x10
18x9",540,18.0
21 Apr 2025,Shoulders,Lateral raises DB,"5x12
5x12
5x11",175,5.0
21 Apr 2025,Shoulders,Facepulls,"20x11
20x11
20x10",640,20.0
21 Apr 2025,Shoulders,"Exercitiu de la kineto, cu bara ridicata","15x10
15x10
15x9",435,15.0
21 Apr 2025,Triceps,Triceps pushdown rope,"17.5x9
15x11
15x10",472,17.5
21 Apr 2025,Triceps,Skull crushers DB,"10x11
10x10
10x10",310,10.0
21 Apr 2025,Biceps,Seated biceps curls DB,"12x11
12x10
12x9",360,12.0
21 Apr 2025,Biceps,Seated hammer curls DB,"10x10
10x10
10x9",290,10.0
21 Apr 2025,Legs (upper),Front squat,"30x11
30x10
30x9
30x8
30x7",1350,30.0
21 Apr 2025,Legs (upper),Sumo squat KB/BB,"28x10
28x10
28x8
28x8",1008,28.0
21 Apr 2025,Legs (upper),Trap bar deadlift,"60x5
60x9
60x7",1260,60.0
21 Apr 2025,Legs (upper),Quad raise machine,"45x10
45x10
40x10",1300,45.0
21 Apr 2025,Legs (upper),Lying hammstring curls,"25x11
25x10
25x9",750,25.0
21 Apr 2025,Legs (upper),Hip lateral raises cu scripete,"2.5x11
2.5x11
2.5x10",79,2.5
21 Apr 2025,Legs (lower),Gambe presa,"110x13
110x13
110x10
100x10",4960,110.0
28 Apr 2025,Chest,Bench press barbell,"40x14
50x11
50x10
50x9
50x8",2460,50.0
28 Apr 2025,Chest,Incline bench press barbell,"45x11
45x10
45x9
45x8",1710,45.0
28 Apr 2025,Chest,Flies cable top,"10x10
10x10
10x9",290,10.0
28 Apr 2025,Chest,Flies cable bottom,"5x11
5x10
5x9",150,5.0
28 Apr 2025,Back,Pullups,"78x7
78x6
78x5
78x4",1716,78.0
28 Apr 2025,Back,Lombar aparat,"10x11
10x10
10x10",310,10.0
28 Apr 2025,Back,Ramat 1 hand DB,"24x10
24x10
24x9",696,24.0
28 Apr 2025,Back,Pullover cable bara dreapta,"20x11
20x10
20x10",620,20.0
28 Apr 2025,Shoulders,Seated shoulder press,"18x11
20x10
20x9",578,20.0
28 Apr 2025,Shoulders,Lateral raises DB,"6x11
6x10
6x10",186,6.0
28 Apr 2025,Shoulders,Frontraise DB seated,"6x10
6x9
6x9",168,6.0
28 Apr 2025,Shoulders,Facepulls,"20x11
20x10
20x10",620,20.0
28 Apr 2025,Triceps,Skull crushers DB,"10x11
10x11
10x10",320,10.0
28 Apr 2025,Triceps,Triceps pulldown reverse,"17.5x10
17.5x10
17.5x10",525,17.5
28 Apr 2025,Biceps,Seated biceps curls DB,"12x11
12x10
12x9
10x10
10x8",540,12.0
28 Apr 2025,Biceps,Seated hammer curls DB,"10x11
10x10
10x9",300,10.0
28 Apr 2025,Legs (upper),Front squat,"30x11
30x11
30x8
30x8
30x7",1350,30.0
28 Apr 2025,Legs (upper),Sumo squat KB/BB,"28x10
28x10
28x9
28x8
28x8",1260,28.0
28 Apr 2025,Legs (upper),Straight leg DL DB,"10x11
10x10
10x9",300,10.0
28 Apr 2025,Legs (lower),Gambe presa,"130x13
120x12
120x10
110x10
110x9",6420,130.0
5 May 2025,Chest,Bench press barbell,"40x15
50x11
50x10
50x10
50x9",2600,50.0
5 May 2025,Chest,Incline bench press barbell,"45x11
45x10
45x10
45x9
45x8",2160,45.0
5 May 2025,Chest,Flies bench horizontal DB,"10x12
10x11
10x11
10x10
10x9",530,10.0
5 May 2025,Back,Pullups,"78x6
78x6
78x6
78x5",1794,78.0
5 May 2025,Back,Lombar America House (poz 3 sau 4),"22.5x10
30x8
30x7",675,30.0
5 May 2025,Back,Ramat 1 hand DB,"24x11
24x10
24x9
24x9",936,24.0
5 May 2025,Back,Pullover cable bara dreapta,"20x12
20x11
20x10",660,20.0
5 May 2025,Shoulders,Aparat seated shoulder press,"40x11
42.5x10
42.5x10
42.5x9
42.5x8",2012,42.5
5 May 2025,Shoulders,Lateral raises DB,"6x11
6x11
6x10
6x10
6x10",312,6.0
5 May 2025,Shoulders,Facepulls,"20x11
20x10
20x10",620,20.0
5 May 2025,Shoulders,Reverse flies cable,"2.5x11
2.5x10
2.5x10",77,2.5
5 May 2025,Triceps,Triceps pushdown rope,"15x12
15x12
15x11
15x10
15x8",795,15.0
5 May 2025,Biceps,Seated biceps curls DB,"12x11
12x10
12x9
12x7
10x9",534,12.0
5 May 2025,Legs (upper),Front squat,"30x8
30x10
30x8
30x7
30x5",1140,30.0
5 May 2025,Legs (upper),Sumo squat KB/BB,"28x11
28x10
28x10
28x10
28x8",1372,28.0
5 May 2025,Legs (upper),Hip thrusts,"60x8
60x8",960,60.0
5 May 2025,Legs (upper),Straight leg DL DB,"12x10
12x9
12x9
12x7",420,12.0
5 May 2025,Legs (lower),Gambe presa,"130x13
130x12
120x12
120x10
110x10",6990,130.0
12 May 2025,Chest,Bench press dumbell,"24x10
24x10
24x8
24x7
22x9",1038,24.0
12 May 2025,Chest,Incline bench press barbell,"45x12
45x10
45x10
45x9
45x9",2250,45.0
12 May 2025,Chest,Flies bench horizontal DB,"12x11
12x10
12x9
12x8
12x8",552,12.0
12 May 2025,Back,Pullups,"78x7
78x6
78x6
78x5
78x4",2184,78.0
12 May 2025,Back,Lombar America House (poz 3 sau 4),"22.5x10
22.5x9
22.5x8",607,22.5
12 May 2025,Back,Pullover cable bara dreapta,"20x11
20x10
20x10
20x7",760,20.0
12 May 2025,Back,Ramat aparate,"70x10
70x9
65x9
65x8",2435,70.0
12 May 2025,Shoulders,Seated shoulder press,"20x10
20x9
20x8
20x8
20x8",860,20.0
12 May 2025,Shoulders,Lateral raises DB,"6x11
6x11
6x10",192,6.0
12 May 2025,Shoulders,Facepulls,"20x11
20x11
20x10
20x9
20x8",980,20.0
12 May 2025,Triceps,Triceps pushdown bara V,"20x12
20x12
20x10
20x10
20x8",1040,20.0
12 May 2025,Triceps,Triceps pulldown reverse,"17.5x10
17.5x11
17.5x11",559,17.5
12 May 2025,Biceps,Seated biceps curls DB,"12x10
12x10
12x9
12x8
10x10",544,12.0
12 May 2025,Biceps,Seated hammer curls DB,"10x10
10x10
10x10",300,10.0
12 May 2025,Legs (upper),Front squat,"30x11
30x9
30x8
30x8
30x6",1260,30.0
12 May 2025,Legs (upper),Sumo squat KB/BB,"28x11
28x11
28x10
28x10
28x9",1428,28.0
12 May 2025,Legs (upper),Hip thrusts,"60x11
60x8
60x6",1500,60.0
12 May 2025,Legs (upper),Straight leg DL DB,"12x9
12x8
12x8",300,12.0
12 May 2025,Legs (upper),Straight leg DL BB,"30x10
30x7",510,30.0
12 May 2025,Legs (lower),Gambe presa,"130x12
130x10
120x11",4180,130.0
19 May 2025,Chest,Bench press barbell,"40x16
50x12
60x8
60x6
60x6",2440,60.0
19 May 2025,Chest,Incline bench press dumbell,"22x10
22x10
22x8
20x8
20x7",916,22.0
19 May 2025,Chest,Flies bench horizontal DB,"12x9
12x9
12x9
12x9
12x8",528,12.0
19 May 2025,Back,Pullups,"78x7
78x6
78x5
78x5
78x5",2184,78.0
19 May 2025,Back,Lombar America House (poz 3 sau 4),"22.5x10
22.5x10
30x8
30x6",870,30.0
19 May 2025,Back,Ramat 1 hand DB,"26x9
26x7
26x7
26x7
26x6",936,26.0
19 May 2025,Shoulders,Seated shoulder press,"20x11
20x9
20x8
20x8
20x8",880,20.0
19 May 2025,Shoulders,Lateral raises DB,"6x11
6x11
6x10
6x10
6x10",312,6.0
19 May 2025,Shoulders,"Exercitiu de la kineto, cu bara ridicata","17.5x8
17.5x8
15x9
15x8",535,17.5
19 May 2025,Shoulders,Shrugs usor aplecat,"24x9
24x8
22x11
22x8",826,24.0
19 May 2025,Triceps,Triceps pushdown rope,"15x10
15x10
15x9
15x8
15x6",645,15.0
19 May 2025,Triceps,Triceps pushdown bara V,"20x12
20x11
20x10
20x10
20x9",1040,20.0
19 May 2025,Biceps,Biceps curls BB,"25x11
25x10
30x7
25x10
25x9",1210,30.0
19 May 2025,Biceps,Biceps scripete one hand each,"7.5x11
7.5x9
7.5x8",209,7.5
19 May 2025,Legs (upper),Sumo squat KB/BB,"28x11
28x11
28x8
28x8
28x7",1260,28.0
19 May 2025,Legs (upper),Hack squat,"40x10
50x10
50x9
60x8
60x7",2250,60.0
19 May 2025,Legs (upper),Hip thrusts,"60x9
60x8
60x7
60x7
60x6",2220,60.0
19 May 2025,Legs (upper),Straight leg DL DB,"12x9
12x8
12x8",300,12.0
19 May 2025,Legs (lower),Gambe presa,"130x12
130x10
130x10",4160,130.0
26 May 2025,Chest,Bench press barbell,"40x17
60x9
60x8
60x8
60x7",2600,60.0
26 May 2025,Chest,Incline bench press barbell,"50x8
50x8
50x7
50x6
50x6",1750,50.0
26 May 2025,Chest,Flies bench horizontal DB,"12x10
12x10
12x9
12x9
12x8",552,12.0
26 May 2025,Back,Pullups,"79x6
79x6
79x5
79x5
79x5",2133,79.0
26 May 2025,Back,Lombar America House (poz 3 sau 4),"22.5x8
30x8
30x7",630,30.0
26 May 2025,Back,Ramat 1 hand DB,"26x10
26x9
26x7",676,26.0
26 May 2025,Back,Pullover cable bara dreapta,"20x11
22.5x8
22.5x7
20x8
20x7",857,22.5
26 May 2025,Shoulders,Seated shoulder press,"20x11
20x10
22x7
20x8
20x8",894,22.0
26 May 2025,Shoulders,Lateral raises DB,"6x11
6x11
6x10
6x10
6x10",312,6.0
26 May 2025,Shoulders,One hand scripete umeri posteriori,"4x10
4x8",72,4.0
26 May 2025,Shoulders,Facepulls,"20x11
20x11
20x10
20x8
20x7",940,20.0
26 May 2025,Shoulders,"Exercitiu de la kineto, cu bara ridicata","12x10
12x10",240,12.0
26 May 2025,Triceps,Dips,"1x10
1x11",21,1.0
26 May 2025,Triceps,Skull crushers DB,"10x12
10x11
10x8
10x8
10x7",460,10.0
26 May 2025,Biceps,Seated biceps curls DB,"12x10
12x10
12x9
12x8
12x7",528,12.0
26 May 2025,Biceps,Seated hammer curls DB,"14x8
12x9
10x10",320,14.0
26 May 2025,Legs (upper),Front squat,"30x10
30x9
30x8
30x6",990,30.0
26 May 2025,Legs (upper),Sumo squat KB/BB,"28x8
28x7
28x6",588,28.0
26 May 2025,Legs (upper),Hack squat,"60x10
60x8
60x8
60x8
60x7",2460,60.0
26 May 2025,Legs (upper),Straight leg DL DB,"14x8
14x8
14x6",308,14.0
2 Jun 2025,Chest,Bench press barbell,"60x9
60x8
60x8
60x7
60x6",2280,60.0
2 Jun 2025,Chest,Incline bench press barbell,"60x4
60x3
60x3",600,60.0
2 Jun 2025,Chest,Inner pec machine,"40x12
45x10
50x6
47.5x7
40x8",1882,50.0
2 Jun 2025,Back,Pullups,"79x6
79x5
79x5
79x5
79x5",2054,79.0
2 Jun 2025,Back,Lombar America House (poz 3 sau 4),"30x9
30x7
30x7
30x7
30x6",1080,30.0
2 Jun 2025,Back,Ramat 1 hand DB,"26x10
26x9
26x9
26x8",936,26.0
2 Jun 2025,Back,Pullover cable bara dreapta,"20x11
22.5x8
22.5x8
22.5x8
20x8",920,22.5
2 Jun 2025,Shoulders,Military shoulder press,"30x10
30x10
30x8
30x7
30x7",1260,30.0
2 Jun 2025,Shoulders,Lateral raises DB,"6x11
6x11
6x10
6x10
6x10",312,6.0
2 Jun 2025,Shoulders,Facepulls,"20x11
20x11
20x10
20x10
20x8",1000,20.0
2 Jun 2025,Triceps,Triceps pushdown rope,"15x11
15x11
15x10
15x9
15x8",735,15.0
2 Jun 2025,Triceps,Skull crushers DB,"10x12
10x11
10x10
10x9
10x9",510,10.0
2 Jun 2025,Biceps,Seated biceps curls DB,"12x10
12x10
12x9
12x9
12x8",552,12.0
2 Jun 2025,Biceps,Seated hammer curls DB,"12x8
12x7
10x8
10x8
10x8",420,12.0
2 Jun 2025,Legs (upper),Front squat,"30x10
40x7
40x6
30x8
30x7",1270,40.0
2 Jun 2025,Legs (upper),Sumo squat KB/BB,"30x8
30x7
30x7
30x7
30x5",1020,30.0
2 Jun 2025,Legs (upper),Hip thrusts,"60x8
60x7
60x6",1260,60.0
2 Jun 2025,Legs (upper),Straight leg DL BB,"40x8
40x6
40x5",760,40.0
2 Jun 2025,Legs (upper),Lying hammstring curls,"25x11
25x9
25x8",700,25.0
2 Jun 2025,Legs (upper),Hip lateral raises cu scripete,"2.5x15
3.75x10
3.75x11
3.75x10",152,3.75
2 Jun 2025,Legs (lower),Gambe one leg DB,"30x20
30x19
30x19
30x18",2280,30.0
9 Jun 2025,Chest,Bench press barbell,"60x10
60x8
60x8
60x8
60x6",2400,60.0
9 Jun 2025,Chest,Incline bench press barbell,"50x8
50x7
50x7
50x7
50x7",1800,50.0
9 Jun 2025,Chest,Flies cable top,"10x10
10x10
10x10
10x9
10x8",470,10.0
9 Jun 2025,Back,Helcometru clasic (un pic lăsat pe spate),"50x11
55x9
55x8
50x8
45x10",2335,55.0
9 Jun 2025,Back,Lombar America House (poz 3 sau 4),"30x10
30x8
30x8
22.5x10
22.5x9",1207,30.0
9 Jun 2025,Back,Ramat 1 hand DB,"26x10
26x9
26x7
26x7",858,26.0
9 Jun 2025,Back,Pullover cable bara dreapta,"22.5x8
22.5x7
20x9
20x8
20x8",837,22.5
9 Jun 2025,Shoulders,Seated shoulder press,"20x11
20x9
20x9
20x8
20x7",880,20.0
9 Jun 2025,Shoulders,Lateral raises DB,"6x11
6x11
6x10
6x10
6x10",312,6.0
9 Jun 2025,Shoulders,Frontraise DB seated,"6x10
6x9
6x9",168,6.0
9 Jun 2025,Shoulders,Reverse flies bench incline,"4x11
4x10
4x9
4x8
4x7",180,4.0
9 Jun 2025,Triceps,Dips,"1x10
1x10
10x8
10x7
10x7",240,10.0
9 Jun 2025,Triceps,Skull crushers DB,"12x8
10x12
10x10
10x10
10x9",506,12.0
9 Jun 2025,Biceps,Seated biceps curls DB,"12x10
12x10
12x9
12x8
12x8",540,12.0
9 Jun 2025,Biceps,Seated hammer curls DB,"12x8
12x8
12x7
10x9
10x8",446,12.0
9 Jun 2025,Legs (upper),Quad raise machine,"45x10
45x10
47.5x9
47.5x8
47.5x8",2087,47.5
9 Jun 2025,Legs (upper),Lying hammstring curls,"25x10
30x6",430,30.0
16 Jun 2025,Chest,Bench press dumbell,"24x11
26x8
26x7
26x7
24x8",1028,26.0
16 Jun 2025,Chest,Incline bench press dumbell,"22x10
22x8
22x8
22x8
20x9",928,22.0
16 Jun 2025,Chest,Flies bench horizontal DB,"12x10
12x10
12x10
12x9
12x8",564,12.0
16 Jun 2025,Back,Helcometru clasic (un pic lăsat pe spate),"55x10
55x9
55x9
55x8
50x8",2380,55.0
16 Jun 2025,Back,Lombar America House (poz 3 sau 4),"30x10
30x8
30x8",780,30.0
16 Jun 2025,Back,Ramat 1 hand DB,"26x10
26x8",468,26.0
16 Jun 2025,Back,Pullover cable bara dreapta,"22.5x8
22.5x7
20x9
20x8
20x8",837,22.5
16 Jun 2025,Back,Ramat aparate,"70x8
70x7",1050,70.0
16 Jun 2025,Shoulders,Seated shoulder press,"22x8
22x7
20x8
20x7
20x7",770,22.0
16 Jun 2025,Shoulders,Lateral raises DB,"6x11
6x10
6x10
6x10
6x10",306,6.0
16 Jun 2025,Shoulders,Facepulls,"20x10
20x10",400,20.0
16 Jun 2025,Shoulders,Reverse flies bench incline,"4x11
4x11
4x9
4x9
4x9",196,4.0
16 Jun 2025,Shoulders,Shrugs usor aplecat,"24x10
24x7",408,24.0
16 Jun 2025,Triceps,Triceps pushdown bara V,"20x11
20x11
20x10
20x9
20x9",1000,20.0
16 Jun 2025,Biceps,Seated hammer curls DB,"12x10
12x9",228,12.0
16 Jun 2025,Biceps,Biceps curls BB,"25x11
25x10
25x8
25x8
25x8",1125,25.0
16 Jun 2025,Legs (upper),Front squat,"30x10
30x10
30x8
30x8
30x8",1320,30.0
16 Jun 2025,Legs (upper),Sumo squat KB/BB,"30x10
30x8
30x8
30x7
30x7",1200,30.0
16 Jun 2025,Legs (upper),Step ups,"12x5
12x5",120,12.0
16 Jun 2025,Legs (upper),Quad raise machine,"47.5x9
47.5x8
47.5x8",1187,47.5
16 Jun 2025,Legs (upper),Lying hammstring curls,"25x10
25x8
25x8",650,25.0
16 Jun 2025,Legs (upper),Inghinali aparat,"45x10
45x8
40x8
40x8
40x7",1730,45.0
16 Jun 2025,Legs (lower),Gambe presa,"130x12
130x10",2860,130.0
23 Jun 2025,Chest,Bench press barbell,"60x10
60x9
60x8
60x7
60x7",2460,60.0
23 Jun 2025,Chest,Incline bench press dumbell,"22x10
22x10
22x9
22x8
22x7",968,22.0
23 Jun 2025,Chest,Flies bench horizontal DB,"12x10
12x10
12x10
12x9
12x8",564,12.0
23 Jun 2025,Back,Helcometru aparat cu discuri,"80x10
80x8
80x6
70x9
70x7",3040,80.0
23 Jun 2025,Back,Lombar aparat,"10x10
10x10
10x10
10x9
10x8",470,10.0
23 Jun 2025,Back,Ramat 1 hand DB,"26x10
26x9
26x6",650,26.0
23 Jun 2025,Back,Pullover cable bara dreapta,"20x11
22.5x8
20x10
20x9
20x8",940,22.5
23 Jun 2025,Shoulders,Seated shoulder press,"22x9
22x7
20x9
20x7
18x10",852,22.0
23 Jun 2025,Shoulders,Lateral raises DB,"7.5x8
7.5x7
6x10
6x10
6x9",286,7.5
23 Jun 2025,Shoulders,Reverse flies bench incline,"4x11
4x11
4x10
4x9
4x9",200,4.0
23 Jun 2025,Shoulders,Shrugs usor aplecat,"24x10
24x9
24x8
22x8
22x8",1000,24.0
23 Jun 2025,Triceps,Skull crushers DB,"12x9
12x8
10x10
10x10
10x8",484,12.0
23 Jun 2025,Triceps,Triceps pushdown bara V,"20x11
20x11
20x9
20x8",780,20.0
23 Jun 2025,Biceps,Seated hammer curls DB,"12.5x9
12.5x9
12.5x8",324,12.5
23 Jun 2025,Biceps,Biceps curls BB,"25x11
30x8
30x6
25x9
25x9",1145,30.0
23 Jun 2025,Legs (upper),Front squat,"30x10
30x10
30x9
30x8
30x8",1350,30.0
23 Jun 2025,Legs (upper),Trap bar deadlift,"60x7
60x6
60x6",1140,60.0
23 Jun 2025,Legs (upper),Quad raise machine,"47.5x9
47.5x8
47.5x8",1187,47.5
23 Jun 2025,Legs (upper),Lying hammstring curls,"25x10
25x10
25x9",725,25.0
23 Jun 2025,Legs (upper),Inghinali aparat,"45x10
45x9
45x6",1125,45.0
23 Jun 2025,Legs (lower),Gambe aparat quads,"47.5x15
47.5x13
47.5x12",1899,47.5
30 Jun 2025,Chest,Bench press barbell,"60x10
60x9
65x5
60x7
60x7",2305,65.0
30 Jun 2025,Chest,Incline bench press dumbell,"24x8
24x8
22x9
22x9
22x8",956,24.0
30 Jun 2025,Chest,Flies bench horizontal DB,"14x8
14x7
12x10
12x9
12x9",546,14.0
30 Jun 2025,Back,Helcometru clasic (un pic lăsat pe spate),"60x8
60x7
55x8
55x8
50x9",2230,60.0
30 Jun 2025,Back,Lombar America House (poz 3 sau 4),"30x8
30x7
30x6",630,30.0
30 Jun 2025,Back,Ramat 1 hand DB,"26x10
26x9
26x8
24x9
24x8",1110,26.0
30 Jun 2025,Back,Pullover cable bara dreapta,"22.5x8
22.5x8
20x9
20x9
20x8",880,22.5
30 Jun 2025,Shoulders,Military shoulder press,"30x10
30x9
30x9",840,30.0
30 Jun 2025,Shoulders,Lateral raises DB,"7x9
7x8
7x8
6x9
6x8",277,7.0
30 Jun 2025,Shoulders,Around the world,"5x6
5x8
5x8",110,5.0
30 Jun 2025,Shoulders,Facepulls,"22.5x10
22.5x8
20x10",605,22.5
30 Jun 2025,Shoulders,Shrugs usor aplecat,"22x13
24x10
20x15",826,24.0
30 Jun 2025,Legs (upper),Front squat,"35x9
35x9
35x8
30x8
30x8",1390,35.0
30 Jun 2025,Legs (upper),Sumo squat KB/BB,"30x10
30x10
30x10",900,30.0
30 Jun 2025,Legs (upper),Trap bar deadlift,"60x8
60x6
60x6",1200,60.0
30 Jun 2025,Legs (upper),Hip thrusts,"60x6
60x8
60x7",1260,60.0
30 Jun 2025,Legs (upper),Quad raise machine,"50x8
50x7
47.5x8",1130,50.0
30 Jun 2025,Legs (upper),Solduri aparat,"45x11
45x9
45x8",1260,45.0
30 Jun 2025,Legs (upper),Inghinali aparat,"45x10
45x9
45x8",1215,45.0
30 Jun 2025,Legs (lower),Gambe aparat quads,"50x14
50x14
50x12",2000,50.0
14 Jul 2025,Chest,Bench press dumbell,"26x8
24x9
24x8
24x8
22x10",1028,26.0
14 Jul 2025,Chest,Incline bench press dumbell,"24x9
24x8
24x8
22x9
22x8",974,24.0
14 Jul 2025,Chest,Flies bench horizontal DB,"14x8
14x8
12x10
12x10
12x8",560,14.0
14 Jul 2025,Chest,Bench lower pec press barbell,"12x8
12x10
12x8",312,12.0
14 Jul 2025,Back,Pullups,"80x7
80x5
80x5
80x4
80x4",2000,80.0
14 Jul 2025,Back,Lombar America House (poz 3 sau 4),"30x9
30x9
30x8
30x7
22.5x8",1170,30.0
14 Jul 2025,Back,Ramat 1 hand DB,"26x10
26x10
26x9
26x8
24x8",1154,26.0
14 Jul 2025,Back,Pullover cable bara dreapta,"22.5x8
22.5x8
20x9
20x9
20x8",880,22.5
14 Jul 2025,Shoulders,Seated shoulder press,"22x9
22x8
20x9
20x8
20x7",854,22.0
14 Jul 2025,Shoulders,Lateral raises DB,"6x11
6x11
6x10
6x10
6x10",312,6.0
14 Jul 2025,Shoulders,Lu raises,5x10,50,5.0
14 Jul 2025,Shoulders,Reverse flies bench incline,"5x8
5x8
4x10
4x9
4x9",192,5.0
14 Jul 2025,Shoulders,Shrugs usor aplecat,"20x16
20x14
20x11",820,20.0
14 Jul 2025,Shoulders,Rotation pe genunchi (squat academy),"3x11
3x10
3x9",90,3.0
14 Jul 2025,Triceps,Dips,"10x10
10x9
10x9
10x8",360,10.0
14 Jul 2025,Triceps,Skull crushers DB,"12x9
12x9
12x8
10x10
10x9",502,12.0
14 Jul 2025,Triceps,Triceps pulldown reverse,"17.5x10
17.5x9
17.5x8",472,17.5
14 Jul 2025,Biceps,Seated biceps curls DB,"12x10
12x10
12x9
12x6
10x10",520,12.0
14 Jul 2025,Biceps,Seated hammer curls DB,"12x10
12x9
12x8
10x9
10x8",494,12.0
14 Jul 2025,Biceps,Reverse curls scripete,"10x10
10x10",200,10.0
14 Jul 2025,Legs (upper),Front squat,"35x10
35x9
35x9
35x8
35x8",1540,35.0
14 Jul 2025,Legs (upper),Sumo squat KB/BB,"30x10
30x10",600,30.0
14 Jul 2025,Legs (upper),Trap bar deadlift,"60x8
60x8
60x7
60x7",1800,60.0
14 Jul 2025,Legs (upper),Quad raise machine,"50x8
47.5x8
47.5x8",1160,50.0
14 Jul 2025,Legs (upper),Lying hammstring curls,"25x11
25x10
25x8
25x8
25x7",1100,25.0
14 Jul 2025,Legs (upper),Solduri aparat,"45x11
45x10
45x9",1350,45.0
14 Jul 2025,Legs (upper),Inghinali aparat,"45x10
45x9
45x8",1215,45.0
14 Jul 2025,Legs (lower),Gambe machine,"40x11
40x9
40x8
40x8
40x7",1720,40.0
21 Jul 2025,Chest,Bench press dumbell,"26x9
26x8
26x8
24x9
24x7",1034,26.0
21 Jul 2025,Chest,Incline bench press dumbell,"24x9
24x8
24x8
22x9
22x8",974,24.0
21 Jul 2025,Chest,Flies bench horizontal DB,"14x8
14x8
12x10
12x10
12x9",572,14.0
21 Jul 2025,Chest,Bench lower pec press barbell,"12x10
12x9
12x8",324,12.0
21 Jul 2025,Back,Pullups,"79x6
79x5
79x5
79x5
79x5",2054,79.0
21 Jul 2025,Back,Lombar aparat,"10x11
10x9
10x10
10x8
10x9",470,10.0
21 Jul 2025,Back,Ramat 1 hand DB,"26x9
26x9
26x9
26x8
24x15",1270,26.0
21 Jul 2025,Back,Pullover cable bara dreapta,"22.5x9
22.5x8
20x9
20x8
20x8",882,22.5
21 Jul 2025,Shoulders,Seated shoulder press,"22x9
22x8
22x8
20x8
20x8",870,22.0
21 Jul 2025,Shoulders,Lateral raises DB,"6x11
6x11
6x10
6x10
6x10",312,6.0
21 Jul 2025,Shoulders,Facepulls,"22.5x10
22.5x10
22.5x9
22.5x9
22.5x8",1034,22.5
21 Jul 2025,Shoulders,Shrugs usor aplecat,"20x18
24x11
24x11
24x10",1128,24.0
21 Jul 2025,Shoulders,Rotation pe genunchi (squat academy),"4x8
4x8",64,4.0
21 Jul 2025,Triceps,Triceps pushdown bara V,"20x12
22.5x8
22.5x8
20x9
20x8",940,22.5
21 Jul 2025,Triceps,Triceps pulldown reverse,"17.5x11
17.5x9
17.5x8
15x10
15x9",774,17.5
21 Jul 2025,Biceps,Seated hammer curls DB,"12x10
12x9
12x8
12x7
10x9",498,12.0
21 Jul 2025,Biceps,Biceps curls BB,"25x11
30x8
30x7
25x9
25x9",1175,30.0
21 Jul 2025,Legs (upper),Front squat,"35x10
40x8
40x7
40x6
35x8",1470,40.0
21 Jul 2025,Legs (upper),Sumo squat KB/BB,"32x10
32x9
32x9",896,32.0
21 Jul 2025,Legs (upper),Hip thrusts,"52x10
52x10
52x8
52x8
52x8",2288,52.0
21 Jul 2025,Legs (upper),Quad raise machine,"50x8
50x8
47.5x8",1180,50.0
21 Jul 2025,Legs (upper),Lying hammstring curls,"25x12
27.5x9
27.5x8",767,27.5
21 Jul 2025,Legs (upper),Solduri aparat,"45x11
50x8
50x7",1245,50.0
21 Jul 2025,Legs (upper),Inghinali aparat,"45x10
40x9
40x8",1130,45.0
21 Jul 2025,Legs (lower),Gambe aparat quads,"50x15
50x15
50x12",2100,50.0
28 Jul 2025,Chest,Bench press barbell,"60x10
62.5x7
62.5x6
62.5x5
60x8",2204,62.5
28 Jul 2025,Chest,Incline bench press barbell,"50x10
50x7
50x7
50x7
50x6",1850,50.0
28 Jul 2025,Chest,Flies cable top,"10x10
10x9
10x8
7.5x9
7.5x9",404,10.0
28 Jul 2025,Chest,Flies cable bottom,"5x10
5x9
5x9",140,5.0
28 Jul 2025,Back,Helcometru V Bar,"50x8
45x9
45x8",1165,50.0
28 Jul 2025,Back,Helcometru clasic (un pic lăsat pe spate),"60x8
60x7
50x9
50x9
50x8",2200,60.0
28 Jul 2025,Back,Lombar America House (poz 3 sau 4),"30x9
37.5x6
37.5x6",720,37.5
28 Jul 2025,Back,Ramat 1 hand DB,"28x6
26x9
26x9
26x8
26x8",1052,28.0
28 Jul 2025,Back,Pullover cable bara dreapta,"22.5x9
22.5x7
20x9
20x9
20x8",879,22.5
28 Jul 2025,Shoulders,Military shoulder press,"30x10
35x8
35x8
35x6
30x7",1280,35.0
28 Jul 2025,Shoulders,Lateral raises DB,"7x9
7x8
7x8
7x7
7x6",266,7.0
28 Jul 2025,Shoulders,Lu raises,"5x10
5x8",90,5.0
28 Jul 2025,Shoulders,Reverse flies bench incline,"5x9
5x8
5x7
4x10
4x9",196,5.0
28 Jul 2025,Shoulders,Shrugs usor aplecat,"24x12
26x10
26x10
28x8",1032,28.0
28 Jul 2025,Shoulders,Rotation pe genunchi (squat academy),"4x9
4x8
4x8",100,4.0
28 Jul 2025,Triceps,Triceps pulldown reverse,"17.5x11
17.5x9",349,17.5
28 Jul 2025,Triceps,One arm cable pushdown,"4.5x15
5.5x13
7x10
7x10
7x8",334,7.0
28 Jul 2025,Biceps,Seated biceps curls DB,"12.5x10
12.5x9
12.5x8
10x10
10x8",517,12.5
28 Jul 2025,Biceps,Seated hammer curls DB,"12.5x10
12.5x9",237,12.5
28 Jul 2025,Legs (upper),Sumo squat KB/BB,"30x11
30x10
30x10
30x9
30x9",1470,30.0
28 Jul 2025,Legs (upper),Straight leg DL DB,"10x10
12.5x10
15x10
15x10
15x10",675,15.0
28 Jul 2025,Legs (upper),Hip lateral raises cu scripete,"7x10
7x8",126,7.0
4 Aug 2025,Chest,Bench press barbell,"60x10
62.5x8
65x5
60x7
60x6",2205,65.0
4 Aug 2025,Chest,Incline bench press dumbell,"24x9
26x6
24x8
24x7
22x8",908,26.0
4 Aug 2025,Chest,Flies cable top,"10x9
10x9
10x9
7.5x9
7.5x9",404,10.0
4 Aug 2025,Chest,Flies cable bottom,"5x11
5x10
5x10",155,5.0
4 Aug 2025,Back,Helcometru V Bar,"45x10
45x10",900,45.0
4 Aug 2025,Back,Helcometru clasic (un pic lăsat pe spate),"60x8
55x9
55x8
50x8
50x8",2215,60.0
4 Aug 2025,Back,Lombar America House (poz 3 sau 4),"37.5x8
37.5x6
30x8",765,37.5
4 Aug 2025,Back,Ramat 1 hand DB,"26x10
26x9
26x8",702,26.0
4 Aug 2025,Back,Pullover cable bara dreapta,"20x10
20x9
22.5x8
20x9
20x8",900,22.5
4 Aug 2025,Shoulders,Seated shoulder press,"22x9
24x6
22x8
22x8
20x8",854,24.0
4 Aug 2025,Shoulders,Lateral raises DB,"6x12
6x11
6x11
6x10
6x10",324,6.0
4 Aug 2025,Shoulders,Reverse flies cable,"2.5x12
2.5x10
2.5x10
2.5x9
2.5x9",124,2.5
4 Aug 2025,Shoulders,Shrugs usor aplecat,"26x11
26x10
26x9",780,26.0
4 Aug 2025,Shoulders,Rotation pe genunchi (squat academy),2.5x12,30,2.5
4 Aug 2025,Triceps,Triceps pushdown rope,"15x12
17.5x8
17.5x9
17.5x8
17.5x8",757,17.5
4 Aug 2025,Triceps,Triceps pushdown bara V,"20x8
22.5x7
22.5x7
17.5x10
17.5x9",806,22.5
4 Aug 2025,Triceps,Triceps pulldown reverse,"17.5x11
17.5x10
17.5x8",507,17.5
4 Aug 2025,Biceps,Seated biceps curls DB,"12.5x10
12.5x9
12.5x8
10x10
10x9",527,12.5
4 Aug 2025,Biceps,Seated hammer curls DB,"12x10
12x8
10x8
10x7
10x7",436,12.0
4 Aug 2025,Biceps,Biceps curls bara dreapta scripete,"15x10
15x10",300,15.0
4 Aug 2025,Legs (upper),Front squat,"30x10
35x10
40x8
45x5
45x3",1330,45.0
4 Aug 2025,Legs (upper),Trap bar deadlift,"60x8
60x8
60x8",1440,60.0
4 Aug 2025,Legs (upper),Quad raise machine,"50x8
50x7",750,50.0
4 Aug 2025,Legs (upper),Lying hammstring curls,"27.5x10
27.5x8
27.5x7
25x8
22.5x8",1067,27.5
4 Aug 2025,Legs (upper),Solduri aparat,"45x12
50x8
55x6",1270,55.0
4 Aug 2025,Legs (upper),Bulgarian split squats,"16x8
16x8
16x6
12x8",448,16.0
4 Aug 2025,Legs (upper),Inghinali aparat,"40x10
40x9
40x9",1120,40.0
11 Aug 2025,Chest,Bench press barbell,"60x10
62.5x8
65x5
60x8
60x7",2325,65.0
11 Aug 2025,Chest,Incline bench press barbell,"50x10
50x9
50x8
50x7
50x6",2000,50.0
11 Aug 2025,Chest,Flies cable bottom,"5x12
5x10
5x10
5x9
5x9",250,5.0
11 Aug 2025,Chest,Flies bench horizontal DB,"14x8
14x9
14x8
14x8
12x10",582,14.0
11 Aug 2025,Back,Helcometru V Bar,"45x10
45x10
45x9
45x9
45x8",2070,45.0
11 Aug 2025,Back,Helcometru clasic (un pic lăsat pe spate),"55x10
55x9
55x8
50x8
50x8",2285,55.0
11 Aug 2025,Back,Lombar America House (poz 3 sau 4),"30x10
30x7
30x7",720,30.0
11 Aug 2025,Back,Pullover cable bara dreapta,"20x10
20x10
20x10
20x7
20x7",880,20.0
11 Aug 2025,Shoulders,Seated shoulder press,"22x10
22x9
22x8
22x7
20x7",888,22.0
11 Aug 2025,Shoulders,Aparat seated shoulder press,"40x8
35x8",600,40.0
11 Aug 2025,Shoulders,Lateral raises DB,"6x12
6x12
6x10
6x10
6x9",318,6.0
11 Aug 2025,Shoulders,Facepulls,"20x10
20x10
20x10
20x9",780,20.0
11 Aug 2025,Shoulders,Reverse flies cable,"2.5x12
2.5x10",55,2.5
11 Aug 2025,Shoulders,Shrugs usor aplecat,"24x12
26x10
26x10
26x9
24x9",1258,26.0
11 Aug 2025,Shoulders,Rotation pe genunchi (squat academy),"3x13
3x11",72,3.0
11 Aug 2025,Triceps,Skull crushers DB,"12x10
12x9
12x8
10x10
10x9",514,12.0
11 Aug 2025,Triceps,Triceps pushdown bara V,"20x10
20x10
20x8
17.5x9
17.5x8",857,20.0
11 Aug 2025,Triceps,Triceps pulldown reverse,"17.5x11
17.5x10
17.5x9",524,17.5
11 Aug 2025,Biceps,Seated biceps curls DB,"14x8
12x10
12x8
12x8
12x7",508,14.0
11 Aug 2025,Biceps,Seated hammer curls DB,"12x10
12x10
12x9
12x7
10x8",512,12.0
11 Aug 2025,Biceps,Biceps curls bara dreapta scripete,"15x10
15x10
15x9",435,15.0
11 Aug 2025,Legs (upper),Front squat,"30x11
35x10
40x8
45x5
35x8",1505,45.0
11 Aug 2025,Legs (upper),Straight leg DL DB,"12x10
12x10
12x10
12x10
12x10",600,12.0
11 Aug 2025,Legs (upper),Quad raise machine,"50x9
50x8
50x7
47.5x8",1580,50.0
11 Aug 2025,Legs (upper),Lying hammstring curls,"27.5x10
27.5x10
27.5x8
27.5x8
25x10",1240,27.5
11 Aug 2025,Legs (upper),Bulgarian split squats,"18x6
18x7
18x6
16x8",470,18.0
11 Aug 2025,Legs (lower),Gambe presa,"130x12
130x10
130x10
130x8
130x8",6240,130.0
18 Aug 2025,Chest,Bench press barbell,"60x10
60x9
60x8
60x7
60x7",2460,60.0
18 Aug 2025,Chest,Incline bench press barbell,"50x10
50x9
50x8
50x8
50x7",2100,50.0
18 Aug 2025,Chest,Flies cable bottom,"5x12
5x11
5x10
5x10
5x9",260,5.0
18 Aug 2025,Chest,Flies bench horizontal DB,"14x9
14x8
14x7
14x7
14x7",532,14.0
18 Aug 2025,Back,Helcometru V Bar,"50x10
50x9
50x8
50x8
50x7",2100,50.0
18 Aug 2025,Back,Helcometru clasic (un pic lăsat pe spate),"55x10
55x9
55x8
55x7
50x8",2270,55.0
18 Aug 2025,Back,Pullups,"79x5
79x5
79x4
79x4
79x4",1738,79.0
18 Aug 2025,Back,Ramat 1 hand DB,"26x10
26x10",520,26.0
18 Aug 2025,Back,Pullover cable bara dreapta,"22.5x8
20x10
20x9",560,22.5
18 Aug 2025,Shoulders,Aparat seated shoulder press,"40x15
50x9
50x8
50x8
50x7",2200,50.0
18 Aug 2025,Shoulders,Lateral raises DB,"6x12
6x12
6x11
6x10
6x9",324,6.0
18 Aug 2025,Shoulders,Facepulls,"15x12
15x9
12.5x10
12.5x9
12.5x8",652,15.0
18 Aug 2025,Shoulders,Reverse flies cable,"2.5x12
2.5x12
2.5x10
2.5x8
2.5x8",125,2.5
18 Aug 2025,Shoulders,Shrugs usor aplecat,"26x12
26x10
26x10
24x12
24x11",1384,26.0
18 Aug 2025,Triceps,Triceps pushdown rope,"17.5x9
17.5x8
15x10",447,17.5
18 Aug 2025,Triceps,Skull crushers DB,"12x10
12x9
12x8
12x8
12x7",504,12.0
18 Aug 2025,Triceps,Triceps pushdown bara V,"22.5x10
22.5x9
22.5x8
20x8
20x7",907,22.5
18 Aug 2025,Biceps,Seated biceps curls DB,"14x8
14x7
12x9
12x9
12x8",522,14.0
18 Aug 2025,Biceps,Biceps curls bara dreapta scripete,"15x11
15x10
15x10
15x10
15x9",750,15.0
18 Aug 2025,Biceps,Biceps scripete one hand each,"7.5x11
7.5x10
7.5x9",224,7.5
18 Aug 2025,Legs (upper),Front squat,"35x10
40x8
45x5
50x3
30x9",1315,50.0
18 Aug 2025,Legs (upper),Hip thrusts,"60x9
60x8
60x7
60x6",1800,60.0
18 Aug 2025,Legs (upper),Straight leg DL DB,"12x10
15x8",240,15.0
18 Aug 2025,Legs (upper),Quad raise machine,"50x10
50x9
50x8
47.5x8
47.5x8",2110,50.0
18 Aug 2025,Legs (upper),Lying hammstring curls,"30x8
30x8
27.5x8
27.5x8
25x8",1120,30.0
18 Aug 2025,Legs (upper),Bulgarian split squats,"17.5x7
17.5x7
17.5x6",349,17.5
18 Aug 2025,Legs (upper),Inghinali aparat,"40x10
40x10
40x9
40x8
40x8",1800,40.0
18 Aug 2025,Legs (lower),Gambe one leg DB,"79x16
79x15",2449,79.0
25 Aug 2025,Chest,Bench press barbell,"60x10
62.5x5
65x4
67.5x3
60x9",1914,67.5
25 Aug 2025,Chest,Incline bench press barbell,"50x10
50x8
50x7
50x7
50x6",1900,50.0
25 Aug 2025,Chest,Flies cable bottom,"5x12
5x12
5x11
5x10
5x10",275,5.0
25 Aug 2025,Chest,Flies bench horizontal DB,"14x9
14x7
14x7
14x7
12x9",528,14.0
25 Aug 2025,Back,Helcometru clasic (un pic lăsat pe spate),"55x10
60x6
65x3
50x9
50x8",1955,65.0
25 Aug 2025,Back,Pullups,"79x7
79x5
79x5
79x4
79x4",1975,79.0
25 Aug 2025,Back,Lombar America House (poz 3 sau 4),"30x10
30x8
30x8
30x7
30x7",1200,30.0
25 Aug 2025,Back,Ramat 1 hand DB,"26x10
28x7
28x6
26x8
26x8",1040,28.0
25 Aug 2025,Back,Pullover cable bara dreapta,"22.5x9
22.5x8
20x9
20x8
20x7",862,22.5
25 Aug 2025,Shoulders,Seated shoulder press,"22x10
24x6
22x8
20x8
18x5",790,24.0
25 Aug 2025,Shoulders,Lateral raises DB,"6x12
6x12
6x11
6x11
6x10",336,6.0
25 Aug 2025,Shoulders,Facepulls,"15x12
15x10
15x9
15x8
15x8",705,15.0
25 Aug 2025,Shoulders,Reverse flies cable,"2.5x12
2.5x12
2.5x11
2.5x10
2.5x10",137,2.5
25 Aug 2025,Shoulders,Shrugs usor aplecat,"24x13
24x13
24x12",912,24.0
25 Aug 2025,Triceps,Triceps pushdown rope,"17.5x10
17.5x9
17.5x7
15x10
15x9",739,17.5
25 Aug 2025,Triceps,Triceps pushdown bara V,"20x9
20x10
20x9
20x8
20x8",880,20.0
25 Aug 2025,Triceps,Triceps pulldown reverse,"15x13
17.5x10
17.5x10",545,17.5
25 Aug 2025,Biceps,Seated biceps curls DB,"14x8
14x8
14x7
12x8
12x7",502,14.0
25 Aug 2025,Biceps,Seated hammer curls DB,"12x10
12.5x8
12.5x8",320,12.5
25 Aug 2025,Biceps,Biceps curls bara dreapta scripete,"15x12
17.5x9
17.5x8
17.5x8
15x10",767,17.5
25 Aug 2025,Legs (upper),Sumo squat KB/BB,"32x10
34x10
34x10
36x9
36x8",1612,36.0
25 Aug 2025,Legs (upper),Straight leg DL DB,"12x10
14x9
14x8
14x7
14x7",554,14.0
25 Aug 2025,Legs (upper),Quad raise machine,"50x10
52.5x8
52.5x7
47.5x9
47.5x8",2094,52.5
25 Aug 2025,Legs (upper),Solduri aparat,"50x9
50x9
50x8
50x8
45x10",2150,50.0
25 Aug 2025,Legs (upper),Bulgarian split squats,"18x8
18x8
18x7
16x8
16x6",638,18.0
25 Aug 2025,Legs (upper),Inghinali aparat,"40x10
40x10
40x9",1160,40.0
25 Aug 2025,Legs (lower),Gambe presa,"130x13
130x11
120x10
110x10
110x10",6520,130.0
1 Sep 2025,Chest,Bench press barbell,"60x10
60x9
60x8
60x8
60x8",2580,60.0
1 Sep 2025,Back,Helcometru clasic (un pic lăsat pe spate),"50x12
55x9
55x7
50x8
50x8",2280,55.0
1 Sep 2025,Back,Pullover cable bara dreapta,"22.5x9
22.5x8
20x9
20x9
20x8",902,22.5
1 Sep 2025,Shoulders,Military shoulder press,"30x10
30x9
30x7
25x9
25x8",1205,30.0
1 Sep 2025,Shoulders,Aparat seated shoulder press,"40x15
50x10
50x8
50x8
40x9",2260,50.0
1 Sep 2025,Triceps,Triceps pushdown bara V,"20x10
20x8
20x8
20x8
17.5x9",837,20.0
1 Sep 2025,Biceps,Biceps curls bara dreapta scripete,"15x14
17.5x10
17.5x8
17.5x8
15x10",815,17.5
1 Sep 2025,Legs (upper),Front squat,"30x10
35x9
35x8
35x8
30x9",1445,35.0
1 Sep 2025,Legs (upper),Bulgarian split squats,"17.5x9
17.5x8
17.5x8
16x10
16x8",725,17.5
8 Sep 2025,Chest,Bench press barbell,"60x10
60x10
60x8
60x8
60x8",2640,60.0
8 Sep 2025,Chest,Flies cable bottom,"5x12
5x12
5x12
5x11
5x10",285,5.0
8 Sep 2025,Back,Helcometru V Bar,"50x10
50x10
50x9
50x8
50x7",2200,50.0
8 Sep 2025,Back,Helcometru clasic (un pic lăsat pe spate),"50x12
55x9
55x7
50x9
50x8",2330,55.0
8 Sep 2025,Shoulders,Aparat seated shoulder press,"40x15
40x11
40x10
40x9
40x9",2160,40.0
8 Sep 2025,Shoulders,Lateral raises DB,"5x15
5x13
5x12
5x11
5x11",310,5.0
8 Sep 2025,Legs (upper),Sumo squat KB/BB,"32x12
32x12
32x11
32x10
32x10",1760,32.0
8 Sep 2025,Legs (upper),Bulgarian split squats,"20x7
20x7
20x6
16x10
16x8",688,20.0
15 Sep 2025,Chest,Bench press dumbell,"24x11
26x9
26x8
26x5
24x8",1028,26.0
15 Sep 2025,Chest,Incline bench press dumbell,"24x10
24x9
24x8
22x9
22x8",1022,24.0
15 Sep 2025,Back,Helcometru V Bar,"50x10
50x10
50x9
50x8
50x8",2250,50.0
15 Sep 2025,Back,Helcometru clasic (un pic lăsat pe spate),"50x10
55x9
60x6
50x8
50x8",2155,60.0
15 Sep 2025,Shoulders,Lateral raises DB,"6x12
6x12
6x10
5x11
5x11",314,6.0
15 Sep 2025,Shoulders,Facepulls,"15x12
15x11
15x10
15x9
15x7",735,15.0
15 Sep 2025,Triceps,Triceps pushdown bara V,"20x11
20x10
20x8
20x7
17.5x9",877,20.0
15 Sep 2025,Biceps,Biceps curls bara dreapta scripete,"15x14
17.5x10
17.5x9
17.5x8
17.5x8",822,17.5
15 Sep 2025,Legs (upper),Bulgarian split squats,"16x10
16x10
20x7
20x6
16x8",708,20.0
22 Sep 2025,Chest,Bench press barbell,"60x10
60x10
60x8
60x8
60x8",2640,60.0
22 Sep 2025,Chest,Incline bench press barbell,"50x10
50x10
50x8
50x8
50x7",2150,50.0
22 Sep 2025,Chest,Flies cable bottom,"5x12
5x12
5x12
5x11
5x10",285,5.0
22 Sep 2025,Chest,Flies bench horizontal DB,"14x10
14x10
14x9
14x9
14x9",658,14.0
22 Sep 2025,Back,Helcometru V Bar,"50x11
50x10
50x9
50x9
50x8",2350,50.0
22 Sep 2025,Back,Helcometru clasic (un pic lăsat pe spate),"50x11
55x9
55x8
50x8
50x8",2285,55.0
22 Sep 2025,Back,Helcometru one arm + cu mainile intoarse (biceps grip),"40x11
45x10
50x7
45x8
45x8",1960,50.0
22 Sep 2025,Back,Pullover cable bara dreapta,"22.5x10
22.5x8
22.5x8
20x9
20x9",945,22.5
22 Sep 2025,Shoulders,Seated shoulder press,"20x12
22x10
24x6
22x8
20x9",960,24.0
22 Sep 2025,Shoulders,Lateral raises DB,"6x13
6x12
6x11
6x9
6x8",318,6.0
22 Sep 2025,Shoulders,Facepulls,"15x12
15x11
15x11
15x9
15x8",765,15.0
22 Sep 2025,Shoulders,Shrugs usor aplecat,"24x13
24x11
24x11
24x10
24x10",1320,24.0
22 Sep 2025,Triceps,Triceps pushdown rope,"17.5x10
17.5x9
17.5x8
15x10
15x8",742,17.5
22 Sep 2025,Triceps,Triceps pushdown bara V,"20x12
20x10
20x9
20x7
17.5x9",917,20.0
22 Sep 2025,Biceps,Spider curls DB,"10x11
10x10
10x9
10x8
8x10",460,10.0
22 Sep 2025,Biceps,Biceps curls bara dreapta scripete,"15x12
17.5x10
17.5x9
17.5x8
17.5x8",792,17.5
22 Sep 2025,Legs (upper),Sumo squat KB/BB,"34x11
34x10
34x10
34x9
34x9",1666,34.0
22 Sep 2025,Legs (upper),Hip thrusts,"50x11
50x10
50x10
50x9
50x9",2450,50.0
22 Sep 2025,Legs (upper),Straight leg DL DB,"14x10
14x9
14x8
14x8
14x7",588,14.0
22 Sep 2025,Legs (upper),Bulgarian split squats,"16x10
16x10
20x7
20x7
16x10",760,20.0
22 Sep 2025,Legs (lower),Gambe one leg DB,"40x20
40x20
40x20
40x18
40x18",3840,40.0
13 Oct 2025,Chest,Bench press barbell,"60x8
60x7
60x6
60x6
60x6",1980,60.0
13 Oct 2025,Back,Helcometru V Bar,"50x8
50x8
45x9",1205,50.0
13 Oct 2025,Back,Helcometru clasic (un pic lăsat pe spate),"50x11
50x9
50x8",1400,50.0
13 Oct 2025,Shoulders,Lateral raises DB,"6x10
6x9
6x9
6x8
6x8",264,6.0
13 Oct 2025,Triceps,Triceps pushdown bara V,"20x12
20x10
20x10
20x8
20x7",940,20.0
13 Oct 2025,Biceps,Biceps curls bara dreapta scripete,"15x12
17.5x9
17.5x8
15x10
15x9",762,17.5
13 Oct 2025,Legs (upper),Sumo squat KB/BB,"32x12
32x11
32x11
32x10
32x10",1728,32.0
13 Oct 2025,Legs (upper),Straight leg DL DB,10x10,100,10.0
13 Oct 2025,Legs (upper),Lying hammstring curls,"25x9
25x8
25x7
25x7",775,25.0
13 Oct 2025,Legs (upper),Bulgarian split squats,"16x8
16x7
16x8
16x7
16x6",576,16.0
13 Oct 2025,Legs (lower),Gambe machine,"20x14
20x15
20x13
20x11
20x11",1280,20.0
20 Oct 2025,Chest,Bench press barbell,"50x12
50x11
60x8
60x7
60x11",2710,60.0
20 Oct 2025,Chest,Incline bench press dumbell,"24x9
24x8
24x7",576,24.0
20 Oct 2025,Chest,Flies cable top,"7.5x10
10x10
10x9
10x9
10x12",475,10.0
20 Oct 2025,Chest,Flies bench horizontal DB,"14x6
12x10
12x9",312,14.0
20 Oct 2025,Back,Helcometru V Bar,"50x11
50x10
50x9
50x7
45x12",2390,50.0
20 Oct 2025,Back,Helcometru clasic (un pic lăsat pe spate),"50x10
50x10
50x9
45x10
45x12",2440,50.0
20 Oct 2025,Back,Pullover cable bara dreapta,"22.5x10
22.5x8
20x10
20x8
17.5x12",975,22.5
20 Oct 2025,Shoulders,Military shoulder press,"30x9
30x8
30x7
25x7
25x12",1195,30.0
20 Oct 2025,Shoulders,Lateral raises DB,"6x10
6x9
6x8
6x7
6x7",246,6.0
20 Oct 2025,Shoulders,Facepulls,"15x12
15x11
15x10
15x9
15x11",795,15.0
20 Oct 2025,Triceps,Triceps pushdown rope,"17.5x9
17.5x8
17.5x7
15x9
15x13",749,17.5
20 Oct 2025,Triceps,Triceps pushdown bara V,"20x12
20x10
20x9
17.5x9
17.5x13",1004,20.0
20 Oct 2025,Biceps,Spider curls DB,"10x10
10x9
10x8
10x7
8x16",468,10.0
20 Oct 2025,Biceps,Biceps curls bara dreapta scripete,"15x12
15x11
15x10
15x10
15x14",855,15.0
20 Oct 2025,Legs (upper),Sumo squat KB/BB,"32x12
32x12
32x11
32x11
32x10",1792,32.0
20 Oct 2025,Legs (upper),Straight leg DL DB,"12x11
12x11
12x10
12x10
12x15",684,12.0
20 Oct 2025,Legs (upper),Solduri aparat,"50x10
50x9
50x9
50x9
50x8",2250,50.0
20 Oct 2025,Legs (upper),Bulgarian split squats,"16x10
16x10
16x9
16x9
15x11",773,16.0
20 Oct 2025,Legs (upper),Inghinali aparat,"40x11
40x10
40x9
40x9
40x8",1880,40.0
27 Oct 2025,Chest,Bench press barbell,"50x13
60x9
60x8
60x7
60x11",2750,60.0
27 Oct 2025,Chest,Incline bench press dumbell,"20x14
20x12
20x11
20x10
20x9",1120,20.0
27 Oct 2025,Chest,Flies cable top,"10x11
10x10
10x8
7.5x10
7.5x15",477,10.0
27 Oct 2025,Back,Helcometru V Bar,"50x12
50x11
50x8
50x7
45x12",2440,50.0
27 Oct 2025,Back,Pullover cable bara dreapta,"22.5x10
22.5x9
20x9
20x8
17.5x13",994,22.5
27 Oct 2025,Back,Ramat bara V,"45x10
45x9
45x9
45x9
45x8",2025,45.0
27 Oct 2025,Shoulders,Military shoulder press,"25x13
25x11
25x10
25x9
25x6",1225,25.0
27 Oct 2025,Shoulders,Aparat seated shoulder press,"50x12
55x9
50x9
45x9
45x7",2265,55.0
27 Oct 2025,Shoulders,Facepulls,"15x13
15x12
15x11
15x10
15x9",825,15.0
27 Oct 2025,Triceps,Triceps pushdown rope,"17.5x9
17.5x7
15x8
15x8
12.5x20",769,17.5
27 Oct 2025,Triceps,Triceps pushdown bara V,"20x10
20x10
20x8
17.5x9
17.5x17",1014,20.0
27 Oct 2025,Biceps,Seated biceps curls DB,"12.5x10
12.5x9
12.5x8
12.5x8
12.5x10",562,12.5
27 Oct 2025,Biceps,Spider curls DB,"10x11
10x10
10x9
10x8
10x8",460,10.0
27 Oct 2025,Legs (upper),Sumo squat KB/BB,"32x12
32x13
32x11
32x11
32x10",1824,32.0
27 Oct 2025,Legs (upper),Straight leg DL DB,"12x12
14x10
14x10
14x9
14x10",690,14.0
27 Oct 2025,Legs (upper),Quad raise machine,"50x10
50x9
45x11
45x9
45x9",2255,50.0
27 Oct 2025,Legs (upper),Lying hammstring curls,"27.5x10
27.5x10
27.5x9
27.5x8
27.5x11",1319,27.5
27 Oct 2025,Legs (upper),Inghinali aparat,"40x11
40x11
40x10
40x8
40x8",1920,40.0
27 Oct 2025,Legs (lower),Gambe presa,"130x13
130x10
130x9
120x10
120x14",7040,130.0
3 Nov 2025,Chest,Bench press barbell,"50x13
50x12
50x10
50x9
50x12",2800,50.0
3 Nov 2025,Chest,Incline bench press dumbell,"20x15
20x13
20x10
20x11
18x9",1142,20.0
3 Nov 2025,Chest,Flies bench horizontal DB,"10x15
10x14
10x13
10x12
10x15",690,10.0
3 Nov 2025,Back,Helcometru V Bar,"50x12
50x11
50x9
45x9
45x11",2500,50.0
3 Nov 2025,Back,Helcometru clasic (un pic lăsat pe spate),"50x11
50x10
50x8
45x11
45x12",2485,50.0
3 Nov 2025,Back,Pullover cable bara dreapta,"22.5x10
22.5x9
20x10
20x8
17.5x13",1014,22.5
3 Nov 2025,Shoulders,Seated shoulder press,"18x13
18x12
18x10
18x10
16x12",1002,18.0
3 Nov 2025,Shoulders,Lateral raises DB,"6x10
6x9
6x9
6x9
6x8",270,6.0
3 Nov 2025,Shoulders,Facepulls,"15x13
15x12
15x11
15x12
12.5x10",845,15.0
3 Nov 2025,Triceps,Skull crushers DB,"10x12
10x11
10x8
10x7
6x23",518,10.0
3 Nov 2025,Triceps,Triceps pushdown bara V,"20x12
20x11
20x11
20x9
20x9",1040,20.0
3 Nov 2025,Biceps,Seated biceps curls DB,"12x10
12x9
12x8
12x8
12x14",588,12.0
3 Nov 2025,Biceps,Biceps curls bara dreapta scripete,"15x13
15x11
15x9
15x9
12.5x19",867,15.0
3 Nov 2025,Legs (upper),Front squat,"30x10
30x10
30x9
30x9
30x14",1560,30.0
3 Nov 2025,Legs (upper),Straight leg DL DB,"14x12
14x11
14x10
14x10
14x9",728,14.0
3 Nov 2025,Legs (upper),Solduri aparat,"50x11
50x10
50x10
50x9
50x9",2450,50.0
3 Nov 2025,Legs (upper),Bulgarian split squats,"16x10
16x10
16x10
16x9
14x13",806,16.0
3 Nov 2025,Legs (upper),Inghinali aparat,"40x12
40x9
40x9
40x8
40x12",2000,40.0
3 Nov 2025,Legs (lower),Gambe presa,"130x13
130x11
130x10
120x10
120x12",7060,130.0
10 Nov 2025,Chest,Bench press barbell,"50x15
50x12
50x10
50x9
50x11",2850,50.0
10 Nov 2025,Chest,Incline bench press dumbell,"20x15
20x14
20x10
20x11
18x10",1180,20.0
10 Nov 2025,Chest,Flies bench horizontal DB,"10x16
12x12
12x11
12x10
12x13",712,12.0
10 Nov 2025,Back,Helcometru clasic (un pic lăsat pe spate),"50x12
50x10
50x9
45x12
45x10",2540,50.0
10 Nov 2025,Back,Pullover cable bara dreapta,"22.5x11
22.5x9
20x12
20x8
17.5x10",1024,22.5
10 Nov 2025,Back,Ramat bara V,"45x11
45x10
45x10
45x9
45x8",2160,45.0
10 Nov 2025,Shoulders,Seated shoulder press,"18x13
18x11
18x11
16x12
16x12",1014,18.0
10 Nov 2025,Shoulders,Lateral raises DB,"6x10
6x10
6x9
6x10
6x8",282,6.0
10 Nov 2025,Shoulders,Facepulls,"15x13
15x12
15x10
15x9
15x14",870,15.0
10 Nov 2025,Triceps,Triceps pushdown rope,"17.5x10
17.5x9
17.5x7
15x9
15x14",799,17.5
10 Nov 2025,Triceps,Triceps pushdown bara V,"20x12
20x11
20x10
20x9
20x10",1040,20.0
10 Nov 2025,Biceps,Seated biceps curls DB,"12x10
12x9
12x9
12x7
10x16",580,12.0
10 Nov 2025,Biceps,Biceps curls bara dreapta scripete,"15x13
15x12
15x10
15x9
12.5x19",897,15.0
10 Nov 2025,Legs (upper),Front squat,"30x11
30x10
30x9
30x11
30x13",1620,30.0
10 Nov 2025,Legs (upper),Straight leg DL DB,"14x12
14x11
14x10
14x10
14x10",742,14.0
10 Nov 2025,Legs (upper),Quad raise machine,"50x10
50x9
45x11
45x10
45x9",2300,50.0
10 Nov 2025,Legs (upper),Lying hammstring curls,"27.5x11
27.5x10
27.5x10
27.5x9
27.5x9",1346,27.5
10 Nov 2025,Legs (upper),Solduri aparat,"50x12
50x11
50x10
50x10
50x9",2600,50.0
10 Nov 2025,Legs (upper),Inghinali aparat,"40x12
40x10
40x9
40x8
40x12",2040,40.0
10 Nov 2025,Legs (lower),Gambe presa,"130x11
130x11
130x11
130x10
120x14",7270,130.0
17 Nov 2025,Chest,Bench press barbell,"50x15
50x13
50x10
50x9
50x11",2900,50.0
17 Nov 2025,Chest,Incline bench press dumbell,"22x14
22x12
22x8",748,22.0
17 Nov 2025,Back,Helcometru clasic (un pic lăsat pe spate),"50x12
50x11
50x9
45x12
45x10",2590,50.0
17 Nov 2025,Back,Ramat bara V,"45x11
45x11
45x10
45x9
45x8",2205,45.0
17 Nov 2025,Shoulders,Lateral raises DB,"6x10
6x10
6x10
6x9
6x9",288,6.0
17 Nov 2025,Shoulders,Facepulls,"15x13
15x12
15x11
15x10
15x13",885,15.0
17 Nov 2025,Triceps,Triceps pushdown rope,"17.5x11
17.5x9
17.5x9
15x10
15x11",821,17.5
17 Nov 2025,Triceps,Triceps pushdown bara V,"20x12
20x11
20x10
20x10
20x11",1080,20.0
17 Nov 2025,Biceps,Seated biceps curls DB,"12x10
10x11
10x11
10x9
10x12",550,12.0
17 Nov 2025,Biceps,Biceps curls bara dreapta scripete,"15x13
15x12
15x10
15x9
12.5x19",897,15.0
17 Nov 2025,Legs (upper),Front squat,"30x12
30x11
30x10
30x9
30x13",1650,30.0
17 Nov 2025,Legs (upper),Straight leg DL DB,"16x11
16x10
16x9
16x9
16x9",768,16.0
17 Nov 2025,Legs (upper),Solduri aparat,"50x12
50x12
50x11
50x10
50x9",2700,50.0
24 Nov 2025,Chest,Bench press barbell,"50x15
50x13
50x10
50x9
50x11",2900,50.0
24 Nov 2025,Back,Helcometru clasic (un pic lăsat pe spate),"50x12
50x11
45x10
45x12
45x11",2635,50.0
24 Nov 2025,Back,Ramat bara V,"45x11
45x11
45x11
45x9
45x8",2250,45.0
24 Nov 2025,Shoulders,Facepulls,"15x13
15x12
15x11
15x10
15x14",900,15.0
24 Nov 2025,Triceps,Triceps pushdown rope,"17.5x11
17.5x11
17.5x9
15x9
15x12",856,17.5
24 Nov 2025,Biceps,Seated biceps curls DB,"10x12
10x11
10x11
10x10
10x12",560,10.0
1 Dec 2025,Chest,Bench press barbell,"50x15
50x13
50x11
50x9
50x11",2950,50.0
1 Dec 2025,Chest,Incline bench press dumbell,"22x14
22x12
22x10
20x10
20x11",1212,22.0
1 Dec 2025,Chest,Flies bench horizontal DB,"12x14
12x12
14x10
14x10
14x9",718,14.0
1 Dec 2025,Back,Helcometru clasic (un pic lăsat pe spate),"50x12
50x11
45x10
45x13
45x11",2680,50.0
1 Dec 2025,Back,Pullover cable bara dreapta,"22.5x11
22.5x10
20x10
20x9
17.5x11",1044,22.5
1 Dec 2025,Back,Ramat bara V,"50x10
50x10
45x11
45x9
45x8",2260,50.0
1 Dec 2025,Shoulders,Military shoulder press,"25x13
25x12
25x10
25x9
25x8",1300,25.0
1 Dec 2025,Shoulders,Lateral raises DB,"6x10
6x10
6x10
6x10
6x9",294,6.0
1 Dec 2025,Shoulders,Facepulls,"15x15
15x13
15x11
15x11
15x11",915,15.0
1 Dec 2025,Triceps,Triceps pushdown rope,"17.5x12
17.5x10
17.5x9
17.5x8
15x13",877,17.5
1 Dec 2025,Triceps,Triceps pushdown bara V,"20x12
20x11
20x9
20x11
20x11",1080,20.0
1 Dec 2025,Biceps,Seated biceps curls DB,"10x12
10x11
10x11
10x10
10x12",560,10.0
1 Dec 2025,Biceps,Seated hammer curls DB,"10x10
10x10
10x9
10x9
10x14",520,10.0
1 Dec 2025,Legs (upper),Front squat,"30x12
30x11
30x10
30x10
30x13",1680,30.0
1 Dec 2025,Legs (upper),Straight leg DL DB,"17.5x10
17.5x10
17.5x9
17.5x8
17.5x8",787,17.5
1 Dec 2025,Legs (upper),Solduri aparat,"50x12
50x12
50x11
50x10
50x10",2750,50.0
1 Dec 2025,Legs (upper),Bulgarian split squats,"17.5x8
17.5x9
20x8
20x7
20x10",797,20.0
1 Dec 2025,Legs (upper),Inghinali aparat,"40x12
40x12
40x10
40x9
40x8",2040,40.0
1 Dec 2025,Legs (lower),Gambe machine,"20x15
20x14
20x14
20x12
20x12",1340,20.0
8 Dec 2025,Chest,Bench press barbell,"50x15
55x10
55x12
50x10
50x10",2960,55.0
8 Dec 2025,Back,Ramat bara V,"50x11
50x10
50x9
45x10
45x9",2355,50.0
8 Dec 2025,Shoulders,Facepulls,"17.5x13
17.5x11
17.5x10
15x11
15x11",924,17.5
8 Dec 2025,Triceps,Triceps pushdown bara V,"20x12
20x11
20x10
20x11
20x11",1100,20.0
8 Dec 2025,Biceps,Seated biceps curls DB,"10x12
10x11
10x10
10x10
10x13",560,10.0
15 Dec 2025,Chest,Bench press barbell,"50x15
55x11
60x11
65x8
50x10",3035,65.0
15 Dec 2025,Chest,Incline bench press dumbell,"22x14
22x13
22x10
20x10
20x11",1234,22.0
15 Dec 2025,Chest,Flies bench horizontal DB,"12x14
14x10
14x12
14x10
14x9",742,14.0
15 Dec 2025,Back,Helcometru aparat cu discuri,"80x9
80x8
80x7
70x11
70x10",3390,80.0
15 Dec 2025,Back,Pullover cable bara dreapta,"22.5x11
22.5x10
20x10
20x9
17.5x12",1062,22.5
15 Dec 2025,Back,Ramat bara V,"50x11
50x10
50x10
50x9
45x9",2405,50.0
15 Dec 2025,Shoulders,Aparat seated shoulder press,"60x8
55x10
55x9
50x9
45x11",2470,60.0
15 Dec 2025,Shoulders,Lateral raises DB,"6x11
6x10
6x10
6x10
6x9",300,6.0
15 Dec 2025,Shoulders,Facepulls,"17.5x13
17.5x12
17.5x10
17.5x10
15x11",952,17.5
15 Dec 2025,Triceps,Triceps pushdown rope,"17.5x12
17.5x11
17.5x10
15x10
15x11",892,17.5
15 Dec 2025,Triceps,Triceps pushdown bara V,"20x12
20x11
20x10
20x10
17.5x14",1105,20.0
15 Dec 2025,Biceps,Seated biceps curls DB,"10x12
10x11
10x10
10x12
10x12",570,10.0
15 Dec 2025,Biceps,Seated hammer curls DB,"10x10
10x10
10x9
10x9
10x14",520,10.0
15 Dec 2025,Legs (upper),Front squat,"30x12
35x10
35x9
35x9
30x12",1700,35.0
15 Dec 2025,Legs (upper),Straight leg DL DB,"18x10
18x10
18x9
18x8
18x8",810,18.0
15 Dec 2025,Legs (upper),Quad raise machine,"50x10
50x9
45x11
45x10
45x10",2345,50.0
15 Dec 2025,Legs (upper),Inghinali aparat,"45x11
40x12
40x10
40x9
40x8",2055,45.0
15 Dec 2025,Legs (lower),Gambe machine,"20x15
20x15
20x14
20x13
20x12",1380,20.0
15 Dec 2025,Legs (lower),Gambe one leg DB,"40x22
40x23
40x22
40x20
40x20",4280,40.0
22 Dec 2025,Legs (upper),Front squat,40x8,320,40.0
12 Jan 2026,Chest,Bench press barbell,"65x5
65x5
67.5x4
70x2
65x3",1255,70.0
12 Jan 2026,Back,Pullups,"80x5
80x5
80x4
80x4
80x4",1760,80.0
12 Jan 2026,Shoulders,Military shoulder press,"30x6
35x6
40x3
35x5
35x5",860,40.0
12 Jan 2026,Biceps,Seated biceps curls DB,"10x11
10x12
10x10
10x12
10x12",570,10.0
12 Jan 2026,Legs (upper),Front squat,"40x6
42.5x4
42.5x4
42.5x4
42.5x3",877,42.5
12 Jan 2026,Legs (upper),Straight leg DL DB,"20x8
20x8
20x8
20x6
18x12",816,20.0
12 Jan 2026,Legs (upper),Solduri aparat,"50x12
50x12
50x12
50x11
50x10",2850,50.0
19 Jan 2026,Chest,Bench press barbell,"65x5
65x4
65x4
67.5x4
67.5x2",1250,67.5
19 Jan 2026,Chest,Incline bench press barbell,"60x4
60x4
60x3
60x2
60x2",900,60.0
19 Jan 2026,Chest,Flies bench horizontal DB,"14x12
14x12
14x11
14x10
14x9",756,14.0
19 Jan 2026,Back,Helcometru aparat cu discuri,"80x10
80x9
80x8
80x8
80x9",3520,80.0
19 Jan 2026,Back,Pullups,"80x4
80x4
80x5
80x4
80x4",1680,80.0
19 Jan 2026,Back,Ramat bara V,"60x6
65x4
65x4
60x4
60x4",1360,65.0
19 Jan 2026,Shoulders,Military shoulder press,"35x6
40x3
40x3
35x5
35x5",800,40.0
19 Jan 2026,Shoulders,Lateral raises DB,"6x11
6x11
6x10
6x10
6x10",312,6.0
19 Jan 2026,Shoulders,Facepulls,"17.5x13
17.5x13
17.5x11
17.5x10
17.5x10",996,17.5
19 Jan 2026,Triceps,Triceps pushdown rope,"17.5x12
17.5x11
17.5x10
15x10
15x12",907,17.5
19 Jan 2026,Triceps,Triceps pushdown bara V,"20x13
20x11
20x10
20x10
17.5x14",1125,20.0
19 Jan 2026,Biceps,Seated biceps curls DB,"10x13
10x11
10x11
10x12
10x11",580,10.0
19 Jan 2026,Biceps,Seated hammer curls DB,"10x11
10x10
10x9
10x9
10x14",530,10.0
19 Jan 2026,Legs (upper),Front squat,"40x4
42.5x4
45x3
45x3
45x2",690,45.0
19 Jan 2026,Legs (upper),Trap bar deadlift,"70x4
70x4
80x2
80x2
80x2",1040,80.0
19 Jan 2026,Legs (upper),Straight leg DL DB,"18x10
18x11
18x10
18x9
18x8",864,18.0
19 Jan 2026,Legs (upper),Solduri aparat,"55x11
55x11
55x10
55x10
55x10",2860,55.0
19 Jan 2026,Legs (lower),Gambe machine,"20x16
20x15
20x14
20x13
20x12",1400,20.0
19 Jan 2026,Legs (lower),Gambe one leg DB,"40x24
40x23
40x23
40x21
40x21",4480,40.0
26 Jan 2026,Chest,Bench press barbell,"55x14
55x11
55x10
55x10
55x11",3080,55.0
26 Jan 2026,Chest,Incline bench press barbell,"50x10
50x10",1000,50.0
26 Jan 2026,Chest,Flies bench horizontal DB,"14x12
14x12
14x11
14x10
14x9",756,14.0
26 Jan 2026,Back,Pullups,"79x5
79x5
79x5
79x5
79x4",1896,79.0
26 Jan 2026,Back,Pullover cable bara dreapta,"22.5x11
22.5x10
20x10
20x11
17.5x10",1067,22.5
26 Jan 2026,Back,Ramat bara V,"60x5
50x10
50x10
50x9
50x12",2350,60.0
26 Jan 2026,Shoulders,Aparat seated shoulder press,"60x6
62.5x5
65x4
65x4
65x3",1387,65.0
26 Jan 2026,Shoulders,Lateral raises DB,"6x11
6x10
6x10
6x10
6x12",318,6.0
26 Jan 2026,Shoulders,Facepulls,"17.5x12
17.5x14
17.5x12
17.5x10
17.5x10",1015,17.5
26 Jan 2026,Triceps,Dips,"1x11
1x8
1x8
1x7
1x9",43,1.0
26 Jan 2026,Triceps,Skull crushers DB,"10x13
10x12
10x11
10x8
8x11",528,10.0
26 Jan 2026,Biceps,Seated biceps curls DB,"10x13
10x12
10x11
10x11
10x12",590,10.0
26 Jan 2026,Biceps,Seated hammer curls DB,"10x12
10x11
10x9
10x9
10x13",540,10.0
26 Jan 2026,Legs (upper),Front squat,"40x4
42.5x4
45x4
47.5x3
47.5x3",794,47.5
26 Jan 2026,Legs (upper),Straight leg DL DB,"18x11
18x11
18x10
18x9
18x8",882,18.0
26 Jan 2026,Legs (upper),Lying hammstring curls,"27.5x11
27.5x11
27.5x10
27.5x9
27.5x9",1373,27.5
26 Jan 2026,Legs (upper),Inghinali aparat,"45x11
45x11
45x10
40x11
40x10",2280,45.0
26 Jan 2026,Legs (lower),Gambe one leg DB,"40x25
40x25
40x24
40x22
40x20",4640,40.0
9 Feb 2026,Chest,Bench press dumbell,"24x12
24x10
24x10
24x8
24x7",1128,24.0
9 Feb 2026,Chest,Incline bench press dumbell,"24x12
24x11
22x10
20x10
20x11",1192,24.0
9 Feb 2026,Chest,Flies bench horizontal DB,"14x12
14x11
14x11
14x10
14x10",756,14.0
9 Feb 2026,Back,Pullups,"79x5
79x5
79x5
79x4
79x6",1975,79.0
9 Feb 2026,Back,Pullover cable bara dreapta,"22.5x11
22.5x10
20x11
20x10
17.5x10",1067,22.5
9 Feb 2026,Back,Ramat bara V,"50x11
50x10
50x10
50x9
50x9",2450,50.0
9 Feb 2026,Shoulders,Aparat seated shoulder press,"50x10
55x10
55x9
50x9
45x11",2490,55.0
9 Feb 2026,Shoulders,Lateral raises DB,"6x11
6x11
6x10
6x10
6x12",324,6.0
9 Feb 2026,Shoulders,Facepulls,"17.5x14
17.5x13
17.5x12
17.5x11
17.5x10",1049,17.5
9 Feb 2026,Triceps,Triceps pushdown rope,"17.5x12
17.5x11
17.5x10
15x10
15x12",907,17.5
9 Feb 2026,Triceps,Dips,"1x12
1x11
1x10
1x9
1x8",50,1.0
9 Feb 2026,Biceps,Seated biceps curls DB,"10x13
10x12
10x11
10x11
10x13",600,10.0
9 Feb 2026,Biceps,Seated hammer curls DB,"10x12
10x11
10x9
10x10
10x13",550,10.0
9 Feb 2026,Legs (upper),Sumo squat KB/BB,"28x15
28x14
28x14
28x13
28x12",1904,28.0
9 Feb 2026,Legs (upper),Hip thrusts,"40x10
50x8
50x8
50x7
50x7",1900,50.0
9 Feb 2026,Legs (upper),Straight leg DL DB,"18x13
20x10
20x9
20x8
18x8",918,20.0
9 Feb 2026,Legs (upper),Quad raise machine,"45x11
50x10
50x10
50x9
45x10",2395,50.0
9 Feb 2026,Legs (upper),Bulgarian split squats,"16x10
18x9
18x9
18x8
18x11",826,18.0
9 Feb 2026,Legs (lower),Gambe one leg DB,"40x25
40x25",2000,40.0
16 Feb 2026,Chest,Bench press barbell,"55x14
55x11
55x11
55x10
55x10",3080,55.0
16 Feb 2026,Chest,Incline bench press barbell,"50x8
50x8
50x7
50x7
50x5",1750,50.0
16 Feb 2026,Back,Helcometru aparat cu discuri,"80x10
80x10
80x8
75x9
75x9",3590,80.0
16 Feb 2026,Back,Pullups,78x5,390,78.0
16 Feb 2026,Back,Lombar aparat,"10x11
20x6
20x7
10x10
10x9",560,20.0
16 Feb 2026,Back,Ramat bara V,"50x12
50x10
50x10
45x10
45x10",2500,50.0
16 Feb 2026,Shoulders,Lateral raises DB,"6x11
6x11
6x10",192,6.0
16 Feb 2026,Shoulders,Facepulls,"20x12
20x12
20x10
20x10
20x9",1060,20.0
16 Feb 2026,Triceps,Triceps pushdown rope,"17.5x12
17.5x11
17.5x10",577,17.5
16 Feb 2026,Biceps,Seated biceps curls DB,"10x13
10x12
10x10",350,10.0
16 Feb 2026,Legs (upper),Front squat,"40x8
40x8
40x7
40x7
40x12",1680,40.0
16 Feb 2026,Legs (upper),Straight leg DL BB,"40x10
45x8
45x8
45x7
45x7",1750,45.0
16 Feb 2026,Legs (upper),Quad raise machine,"45x11
50x10",995,50.0
16 Feb 2026,Legs (upper),Solduri aparat,"55x11
55x11
50x11",1760,55.0
16 Feb 2026,Legs (lower),Gambe one leg DB,"40x28
40x26
40x25
40x22
40x20",4840,40.0
23 Feb 2026,Chest,Bench press barbell,"60x11
60x11
60x8
50x13
50x13",3100,60.0
23 Feb 2026,Chest,Flies cable top,"10x11
10x10
10x9
10x7
7.5x15",482,10.0
23 Feb 2026,Back,Helcometru aparat cu discuri,"80x11
80x10
80x9
75x9
75x8",3675,80.0
23 Feb 2026,Back,Ramat bara V,"50x12
50x11
50x10
45x10
45x10",2550,50.0
23 Feb 2026,Shoulders,Seated shoulder press,"20x10
20x8
18x9
18x8
14x10",806,20.0
23 Feb 2026,Shoulders,Facepulls,"20x12
20x12
20x11
20x10
20x9",1080,20.0
23 Feb 2026,Triceps,Triceps pushdown rope,"17.5x12
17.5x11
17.5x10
17.5x8
15x12",897,17.5
23 Feb 2026,Biceps,Seated biceps curls DB,"12x11
12x10
12x10
12x9
12x11",612,12.0
23 Feb 2026,Legs (upper),Front squat,"40x9
40x8
40x7
40x8
40x11",1720,40.0
23 Feb 2026,Legs (upper),Straight leg DL BB,"40x11
40x10
40x9
40x8
40x7",1800,40.0
23 Feb 2026,Legs (upper),Solduri aparat,"55x11
55x11
55x11
55x10
55x10",2915,55.0
23 Feb 2026,Legs (upper),Inghinali aparat,"45x11
45x11
45x10
45x10
45x9",2295,45.0
23 Feb 2026,Legs (lower),Gambe machine,"20x17
40x10
40x10
40x8
40x8",1780,40.0
2 Mar 2026,Chest,Bench press barbell,"60x10
60x8
60x7
60x7
60x20",3120,60.0
2 Mar 2026,Chest,Incline bench press barbell,"40x14
40x13
40x11
40x10
40x10",2320,40.0
2 Mar 2026,Chest,Flies bench horizontal DB,"14x11
14x10
14x10
14x10
14x13",756,14.0
2 Mar 2026,Back,Helcometru aparat cu discuri,"80x11
80x10
80x10
80x9
80x7",3760,80.0
2 Mar 2026,Back,Pullover cable bara dreapta,"22.5x11
22.5x11
22.5x10
20x11
17.5x10",1114,22.5
2 Mar 2026,Back,Ramat bara V,"50x12
50x11
50x10
45x11
45x10",2595,50.0
2 Mar 2026,Shoulders,Seated shoulder press,"18x10
18x8
18x8
18x8
14x16",836,18.0
2 Mar 2026,Shoulders,Lateral raises DB,"7.5x10
7.5x9
7.5x8
7.5x8
7.5x8",322,7.5
2 Mar 2026,Shoulders,Facepulls,"20x12
20x12
20x11
20x10
20x10",1100,20.0
2 Mar 2026,Triceps,Triceps pushdown rope,"17.5x12
17.5x11
17.5x10
15x9
15x13",907,17.5
2 Mar 2026,Triceps,Skull crushers DB,"10x13
10x12
10x10
10x10
8x10",530,10.0
2 Mar 2026,Biceps,Seated hammer curls DB,"10x13
10x12
10x10
10x10
10x11",560,10.0
2 Mar 2026,Biceps,Spider curls DB,"8x15
8x12
8x11
8x11
8x10",472,8.0
9 Mar 2026,Chest,Bench press barbell,"60x11
60x9
60x7
60x8
60x18",3180,60.0
9 Mar 2026,Chest,Flies cable top,"10x11
10x10
10x10
10x8
7.5x13",487,10.0
9 Mar 2026,Back,Helcometru aparat cu discuri,"80x11
80x10
80x10
80x10
80x7",3840,80.0
9 Mar 2026,Back,Ramat bara V,"50x12
50x11
50x10
45x11
45x11",2640,50.0
9 Mar 2026,Shoulders,Reverse flies cable,"2.5x12
2.5x12
2.5x12
2.5x11
2.5x10",142,2.5
9 Mar 2026,Legs (upper),Quad raise machine,"45x11
50x10
50x10
50x10
45x11",2490,50.0
9 Mar 2026,Legs (upper),Lying hammstring curls,"27.5x11
27.5x11
27.5x10
27.5x10
27.5x9",1401,27.5
9 Mar 2026,Legs (lower),Gambe machine,40x12,480,40.0
16 Mar 2026,Chest,Bench press barbell,"50x14
50x12
50x9
50x8
50x13",2800,50.0
16 Mar 2026,Back,Ramat BB,"40x12
40x11
40x10
40x8
40x8",1960,40.0
16 Mar 2026,Shoulders,Lateral raises DB,"8x8
8x7
8x7
6x10
6x17",338,8.0
16 Mar 2026,Triceps,Triceps pushdown rope,"17.5x12
17.5x10
17.5x11
15x10
15x13",922,17.5
16 Mar 2026,Legs (upper),Front squat,"40x9
40x9
40x7
40x8
40x11",1760,40.0
16 Mar 2026,Legs (upper),Straight leg DL BB,"40x12
40x11
40x10
40x9
40x8",2000,40.0
16 Mar 2026,Legs (upper),Bulgarian split squats,"16x11
16x10
16x8
16x8
16x15",832,16.0
16 Mar 2026,Legs (lower),Gambe one leg DB,"40x28
40x26
40x25
40x23
40x21",4920,40.0
